"book_id","title","order_count"
120,"Integrated secondary access","4"
31,"Implemented encompassing conglomeration","4"
333,"Advanced responsive extranet","4"
273,"Devolved zero administration process improvement","4"
491,"Pre-emptive intangible adapter","4"
73,"Realigned multi-tasking installation","4"
88,"Robust tangible hardware","4"
466,"Multi-channeled mission-critical initiative","3"
412,"Profound zero-defect process improvement","3"
288,"Re-contextualized real-time Graphic Interface","3"
